{"count":1,"self":2087.7621248,"total":12405.2382523,"children":{"InitializeActuators":{"count":12,"self":0.0009975,"total":0.0009975,"children":null},"InitializeSensors":{"count":12,"self":0.00099899999999999989,"total":0.00099899999999999989,"children":null},"AgentSendState":{"count":1766790,"self":11.2913304,"total":41.263013799999996,"children":{"CollectObservations":{"count":4240416,"self":5.1103968,"total":5.1103966,"children":null},"CollectDiscreteActionMasks":{"count":4240416,"self":1.7647651999999998,"total":1.7647652999999999,"children":null},"RequestDecision":{"count":4240416,"self":4.4612919999999994,"total":23.0965214,"children":{"AgentInfo.ToProto":{"count":4240416,"self":6.4448815999999995,"total":18.635229499999998,"children":{"GenerateSensorData":{"count":4240416,"self":12.190348,"total":12.190348,"children":null}}}}}}},"DecideAction":{"count":1766790,"self":10235.4108416,"total":10235.411224899999,"children":null},"AgentAct":{"count":1766790,"self":39.146003199999996,"total":40.7979512,"children":{"AgentInfo.ToProto":{"count":151922,"self":0.6165108,"total":1.6519472,"children":{"GenerateSensorData":{"count":151922,"self":1.0354364,"total":1.0354364,"children":null}}}}}},"gauges":{"3DBall.CumulativeReward":{"count":151922,"max":235.605179,"min":-0.299999952,"runningAverage":1.77349532,"value":1.3,"weightedAverage":1.24406958}},"metadata":{"timer_format_version":"0.1.0","start_time_seconds":"1608099133","unity_version":"2019.4.15f1","command_line_arguments":"C:\\Users\\User\\Desktop\\3dBall\\3Dball\/\/UnityEnvironment.exe --mlagents-port 5005","communication_protocol_version":"1.2.0","com.unity.ml-agents_version":"1.6.0-preview","scene_name":"3DBall","end_time_seconds":"1608111538"}}